ID,Narrative,Raw_LLM_Output,pred_event_type,pred_injury_nature,pred_body_part,pred_source_equipment
2025099652,"An employee had been climbing up a temporary ladder. He tripped on something on a low roof and struck his head on a piece of racking equipment installed on the roof. He was then descending a ladder and slipped off the ladder approximately halfway down. The employee sustained a laceration and abrasions to the top and back of his head, as well as brain trauma.","{""event_type"": ""fall_to_lower_level"", ""injury_nature"": ""intracranial"", ""body_part"": ""head_brain"", ""source_equipment"": ""roof"", ""hospitalized"": false, ""amputation"": false}",fall_to_lower_level,intracranial,head_brain,roof
20181010696,"An employee was struck by a wire reel that was being dragged by a pick-up truck, suffering two fractured legs.","{""event_type"": ""struck_by_vehicle"", ""injury_nature"": ""fracture"", ""body_part"": ""leg"", ""source_equipment"": ""vehicle_heavy_equip"", ""hospitalized"": false, ""amputation"": false}",struck_by_vehicle,fracture,leg,vehicle_heavy_equip
20201110477,"On November 4, 2020, at approximately 11:45 AM, two Ranger Construction employees were unloading a skid steer loader from a tandem-axle heavy equipment trailer that was attached to a pickup truck. One employee was driving the loader down the trailer's loading ramp when the latch on the truck receiver was released. The weight of the loader on the back of the trailer caused the ring of the trailer receiver to pop up, contacting the latch and pinching the injured employee's left index finger between the latch and the hitch receiver. The fingertip was amputated.","{""event_type"": ""struck_by_vehicle"", ""injury_nature"": ""amputation"", ""body_part"": ""finger_hand"", ""source_equipment"": ""vehicle_heavy_equip"", ""hospitalized"": false, ""amputation"": false}",struck_by_vehicle,amputation,finger_hand,vehicle_heavy_equip
2024010967,"An employee was performing road construction in a closed lane of an overpass. As he was assisting a co-worker in saw-cutting a joint in the overpass, he was struck by an automobile, resulting in a broken right shoulder, right leg, and left middle finger, as well as multiple scrapes and lacerations.","{""event_type"": ""struck_by_vehicle"", ""injury_nature"": ""fracture"", ""body_part"": ""multiple"", ""source_equipment"": ""vehicle_heavy_equip"", ""hospitalized"": false, ""amputation"": false}",struck_by_vehicle,fracture,multiple,vehicle_heavy_equip
2025054233,"On May 6, 2025, an employee was installing structural steel decking on a roof in approximately 99 F weather when he began experiencing muscle cramps, fatigue, chills, and a headache. The employee was hospitalized with dehydration and a kidney injury.","{""event_type"": ""heat_exposure"", ""injury_nature"": ""heat_illness"", ""body_part"": ""body_systems"", ""source_equipment"": ""environmental"", ""hospitalized"": false, ""amputation"": false}",heat_exposure,heat_illness,body_systems,environmental
2016076608,An employee was trying to flip a metal stair stringer over when it fell onto his hand and crushed his index finger between the stair stringer and the concrete resulting in the amputation of the index fingertip.,"{""event_type"": ""struck_by_vehicle"", ""injury_nature"": ""amputation"", ""body_part"": ""finger_hand"", ""source_equipment"": ""other"", ""hospitalized"": false, ""amputation"": false}",struck_by_vehicle,amputation,finger_hand,other
2019032872,"An employee was cutting a 6-inch fire hydrant pipe with a handheld circular saw. The saw blade came up and struck the employee in the chin and chest, causing lacerations.","{""event_type"": ""struck_by_vehicle"", ""injury_nature"": ""laceration"", ""body_part"": ""chest_trunk"", ""source_equipment"": ""power_tool"", ""hospitalized"": false, ""amputation"": false}",struck_by_vehicle,laceration,chest_trunk,power_tool
2025098954,"A combine bean head was being hauled through a work zone on a trailer. It struck an employee in the head as he poured concrete, knocking him to the ground. The employee suffered a subdural hematoma and was hospitalized.","{""event_type"": ""struck_by_vehicle"", ""injury_nature"": ""intracranial"", ""body_part"": ""head_brain"", ""source_equipment"": ""vehicle_heavy_equip"", ""hospitalized"": false, ""amputation"": false}",struck_by_vehicle,intracranial,head_brain,vehicle_heavy_equip
2021086418,"An employee was using a powered miter saw to cut down a 10-foot trim piece. The employee's left hand and left index finger came into contact with the saw's rotating blade, which amputated the index fingertip.","{""event_type"": ""caught_in_between"", ""injury_nature"": ""amputation"", ""body_part"": ""finger_hand"", ""source_equipment"": ""power_tool"", ""hospitalized"": false, ""amputation"": false}",caught_in_between,amputation,finger_hand,power_tool
20191011114,An employee was installing recessed lights. A spring struck and punctured his eye.,"{""event_type"": ""other"", ""injury_nature"": ""laceration"", ""body_part"": ""eye"", ""source_equipment"": ""other"", ""hospitalized"": false, ""amputation"": false}",other,laceration,eye,other
2020099280,An employee was attempting to set pressure on a pressure release valve and lost control of the end of a fire hose. The hose struck the left side of his face causing a laceration and a fracture that required surgery.,"{""event_type"": ""struck_by_vehicle"", ""injury_nature"": ""fracture"", ""body_part"": ""head_brain"", ""source_equipment"": ""other"", ""hospitalized"": false, ""amputation"": false}",struck_by_vehicle,fracture,head_brain,other
2015107286,"An employee was replacing an underground drain line with a coworker. The employee was bent over when a light pole that was sitting on the ground with the arm section leaned against the wall fell over and hit the employee on the back, breaking two lower back bones.","{""event_type"": ""struck_by_vehicle"", ""injury_nature"": ""fracture"", ""body_part"": ""back_spine"", ""source_equipment"": ""pole"", ""hospitalized"": false, ""amputation"": false}",struck_by_vehicle,fracture,back_spine,pole
20171010418,"While working from a ladder to mark dimensions on a truck, an employee fell from the ladder and injured the right and left wrists and left ankle.","{""event_type"": ""fall_to_lower_level"", ""injury_nature"": ""other"", ""body_part"": ""multiple"", ""source_equipment"": ""ladder"", ""hospitalized"": false, ""amputation"": false}",fall_to_lower_level,other,multiple,ladder
2024032386,An employee was lowering themselves in the basket hoist to assist with adjusting a shim. The corbel came loose and fell onto the basket hoist catching the employee's left middle finger and amputating it at the first joint. ,"{""event_type"": ""struck_by_vehicle"", ""injury_nature"": ""amputation"", ""body_part"": ""finger_hand"", ""source_equipment"": ""aerial_lift"", ""hospitalized"": false, ""amputation"": false}",struck_by_vehicle,amputation,finger_hand,aerial_lift
2019065943,"An employee was using a 9"" grinder on a skid when the grinder slipped off the skid and slashed the inside of the employee's left upper leg. The employee was hospitalized and had surgery.","{""event_type"": ""struck_against"", ""injury_nature"": ""laceration"", ""body_part"": ""leg"", ""source_equipment"": ""power_tool"", ""hospitalized"": false, ""amputation"": false}",struck_against,laceration,leg,power_tool
2025054325,"An employee was standing on a concrete wall, stripping concrete forms using a pry bar. The employee fell from the wall to the ground 9 feet below, suffering a fractured back and arm.","{""event_type"": ""fall_to_lower_level"", ""injury_nature"": ""fracture"", ""body_part"": ""back_spine"", ""source_equipment"": ""other"", ""hospitalized"": false, ""amputation"": false}",fall_to_lower_level,fracture,back_spine,other
2017065728,"An employee was holding a concrete form plate with his hands when he was struck by an impact hammer, amputating his left index, middle, and ring fingers.","{""event_type"": ""struck_by_vehicle"", ""injury_nature"": ""amputation"", ""body_part"": ""finger_hand"", ""source_equipment"": ""other"", ""hospitalized"": false, ""amputation"": false}",struck_by_vehicle,amputation,finger_hand,other
2022076639,"An employee was pulling underground cable. The employee's left little finger was caught between a winch/spool and mule tape, causing the amputation of the fingertip.","{""event_type"": ""caught_in_between"", ""injury_nature"": ""amputation"", ""body_part"": ""finger_hand"", ""source_equipment"": ""other"", ""hospitalized"": false, ""amputation"": false}",caught_in_between,amputation,finger_hand,other
20211210475,"On December 7, 2021, an employee was holding a piece of equipment while climbing a permanently mounted ladder on the side of a tower structure at a height of about 30 feet. The employee fell from the ladder to the ground and fractured bones.","{""event_type"": ""fall_to_lower_level"", ""injury_nature"": ""fracture"", ""body_part"": ""multiple"", ""source_equipment"": ""ladder"", ""hospitalized"": false, ""amputation"": false}",fall_to_lower_level,fracture,multiple,ladder
20171111260,"An employee was removing a test ball from a manhole. An excavator was lifting the test ball when it struck the employee's head, fracturing vertebrae in his neck.","{""event_type"": ""struck_by_vehicle"", ""injury_nature"": ""fracture"", ""body_part"": ""neck"", ""source_equipment"": ""other"", ""hospitalized"": false, ""amputation"": false}",struck_by_vehicle,fracture,neck,other
2020065480,"An employee was working inside a manhole, trying to connect an air gun to the an compressor. Air pressure built up; the air gun popped off and hit him between his elbow and wrist on his left arm. He developed cellulitis and was hospitalized.","{""event_type"": ""other"", ""injury_nature"": ""laceration"", ""body_part"": ""arm"", ""source_equipment"": ""other"", ""hospitalized"": false, ""amputation"": false}",other,laceration,arm,other
2018021408,"An employee was attempting to relocate a 10-inch flange by hand. During the relocation, the flange started to roll onto its side and the employee attempted to control the flange catching the employee's right middle finger between the rolling flange and another flange on the pallet resulting in a fingertip amputation.","{""event_type"": ""caught_in_between"", ""injury_nature"": ""amputation"", ""body_part"": ""finger_hand"", ""source_equipment"": ""metal_material"", ""hospitalized"": false, ""amputation"": false}",caught_in_between,amputation,finger_hand,metal_material
2019065590,A Ramco employee was directing a dump truck into position at a worksite when a pickup truck backed over the employee breaking both legs.,"{""event_type"": ""struck_by_vehicle"", ""injury_nature"": ""fracture"", ""body_part"": ""leg"", ""source_equipment"": ""vehicle_heavy_equip"", ""hospitalized"": false, ""amputation"": false}",struck_by_vehicle,fracture,leg,vehicle_heavy_equip
2023021312,"An employee was on a row of box culverts clearing some material that was in front of the trench box spreader bars. The employee then crossed over the spreader bars while an excavator was pulling the slack out of the cables attached to each side of the trench box. The cables became taut and pulled the trench box forward, catching the injured employee's left foot between the top of the concrete box and the lower spreader bar. The spreader bar then slid on top of the injured employee's left foot, resulting in a left foot/toe injury that required surgery.","{""event_type"": ""caught_in_between"", ""injury_nature"": ""other"", ""body_part"": ""foot_ankle"", ""source_equipment"": ""trench_excavation"", ""hospitalized"": false, ""amputation"": false}",caught_in_between,other,foot_ankle,trench_excavation
20191010292,An employee was climbing a scaffold ladder when he slipped and fell to the ground 4 or 5 feet below. He suffered a broken femur.,"{""event_type"": ""fall_to_lower_level"", ""injury_nature"": ""fracture"", ""body_part"": ""leg"", ""source_equipment"": ""ladder"", ""hospitalized"": false, ""amputation"": false}",fall_to_lower_level,fracture,leg,ladder
2020087509,"An employee was about 8 feet up an extension ladder when he fell, striking the handrail and then the landing of a stairwell. He suffered broken ribs on the right side, as well as internal bleeding.","{""event_type"": ""fall_to_lower_level"", ""injury_nature"": ""fracture"", ""body_part"": ""chest_trunk"", ""source_equipment"": ""ladder"", ""hospitalized"": false, ""amputation"": false}",fall_to_lower_level,fracture,chest_trunk,ladder
20171211938,An employee was using a wire wheel on an electric hand grinder to remove dried concrete slurry from a vertical steel column while on a 12-foot step ladder. The employee was reaching around the column and fell to the floor resulting in a right femur fracture.,"{""event_type"": ""fall_to_lower_level"", ""injury_nature"": ""fracture"", ""body_part"": ""leg"", ""source_equipment"": ""ladder"", ""hospitalized"": false, ""amputation"": false}",fall_to_lower_level,fracture,leg,ladder
2020087503,An employee was preparing a choke sling for piping when the excavator rotated and struck the employee. The employee suffered rib fractures and internal bleeding.,"{""event_type"": ""struck_by_vehicle"", ""injury_nature"": ""fracture"", ""body_part"": ""chest_trunk"", ""source_equipment"": ""vehicle_heavy_equip"", ""hospitalized"": false, ""amputation"": false}",struck_by_vehicle,fracture,chest_trunk,vehicle_heavy_equip
2018065417,An employee was changing a screw driver drill bit while holding a hammer and small pry bar under one arm. The drill activated and caught the employee's glove and the pry bar resulting in amputation of the right index finger at the third knuckle.,"{""event_type"": ""caught_in_between"", ""injury_nature"": ""amputation"", ""body_part"": ""finger_hand"", ""source_equipment"": ""power_tool"", ""hospitalized"": false, ""amputation"": false}",caught_in_between,amputation,finger_hand,power_tool
2021108550,An employee was inspecting a residential roof when he lost balance and fell 12 feet to the ground below. The employee sustained a left forearm fracture.,"{""event_type"": ""fall_to_lower_level"", ""injury_nature"": ""fracture"", ""body_part"": ""arm"", ""source_equipment"": ""roof"", ""hospitalized"": false, ""amputation"": false}",fall_to_lower_level,fracture,arm,roof
2017065758,"An employee was pouring concrete when concrete entered his boots, causing a chemical burn that became infected.","{""event_type"": ""chemical_exposure"", ""injury_nature"": ""burn"", ""body_part"": ""other"", ""source_equipment"": ""chemicals_fumes"", ""hospitalized"": false, ""amputation"": false}",chemical_exposure,burn,other,chemicals_fumes
2016098870,"An employee was getting ready to start the kettle motor on the tar kettle. The pipe was not hooked up yet, causing hot tar to burn his face, neck, and arms.","{""event_type"": ""contact_hot_substance"", ""injury_nature"": ""burn"", ""body_part"": ""multiple"", ""source_equipment"": ""other"", ""hospitalized"": false, ""amputation"": false}",contact_hot_substance,burn,multiple,other
2022075901,"An employee was on a 10-foot ladder. He was about to climb down when it became unstable; after hanging onto ductwork, he fell and suffered a broken lower left tibia and ankle. He was hospitalized for surgery.","{""event_type"": ""fall_to_lower_level"", ""injury_nature"": ""fracture"", ""body_part"": ""leg"", ""source_equipment"": ""ladder"", ""hospitalized"": false, ""amputation"": false}",fall_to_lower_level,fracture,leg,ladder
2015129794,An employee fell off an extension ladder while cleaning fascia. He fell an unknown height and sustained fractured ribs and lacerations.,"{""event_type"": ""fall_to_lower_level"", ""injury_nature"": ""fracture"", ""body_part"": ""chest_trunk"", ""source_equipment"": ""ladder"", ""hospitalized"": false, ""amputation"": false}",fall_to_lower_level,fracture,chest_trunk,ladder
2017043305,"On April 12, 2017, an employee was nailing plywood to a truss with a nail gun, when the nail gun double jumped and a nail went through his right foot.","{""event_type"": ""other"", ""injury_nature"": ""other"", ""body_part"": ""foot_ankle"", ""source_equipment"": ""nail_fastener"", ""hospitalized"": false, ""amputation"": false}",other,other,foot_ankle,nail_fastener
2020032807,A skid steer struck and broke an employee's right leg while the employee was walking.,"{""event_type"": ""struck_by_vehicle"", ""injury_nature"": ""fracture"", ""body_part"": ""leg"", ""source_equipment"": ""vehicle_heavy_equip"", ""hospitalized"": false, ""amputation"": false}",struck_by_vehicle,fracture,leg,vehicle_heavy_equip
2015031459,An employee fell from a ladder and was hospitalized with a broken arm.,"{""event_type"": ""fall_to_lower_level"", ""injury_nature"": ""fracture"", ""body_part"": ""arm"", ""source_equipment"": ""ladder"", ""hospitalized"": false, ""amputation"": false}",fall_to_lower_level,fracture,arm,ladder
2023053904,An employee fell three stories (approximately 21 feet) while putting up plywood on the third floor of a multi-family residential building. The employee sustained clavicle and shoulder fractures.,"{""event_type"": ""fall_to_lower_level"", ""injury_nature"": ""fracture"", ""body_part"": ""shoulder"", ""source_equipment"": ""roof"", ""hospitalized"": false, ""amputation"": false}",fall_to_lower_level,fracture,shoulder,roof
20161111073,Two employees were switching circuits in a circuit breaker when an arc flash/blast occurred. They were running from the blast when an oil-filled transformer exploded burning the employees. One of the employees was hospitalized due to the burns.,"{""event_type"": ""explosion_ignition"", ""injury_nature"": ""burn"", ""body_part"": ""body_systems"", ""source_equipment"": ""other"", ""hospitalized"": false, ""amputation"": false}",explosion_ignition,burn,body_systems,other
2018010785,"While exiting a roof via an extension ladder, an employee fell off and suffered head trauma.","{""event_type"": ""fall_to_lower_level"", ""injury_nature"": ""intracranial"", ""body_part"": ""head_brain"", ""source_equipment"": ""ladder"", ""hospitalized"": false, ""amputation"": false}",fall_to_lower_level,intracranial,head_brain,ladder
2020098645,"An employee was flagging drivers in a work zone on a public highway. He was struck by a spray truck that was moving in reverse while applying tar during a tar and chip paving operation. The employee suffered trauma to the left side, broken vertebrae, a punctured lung, and trauma to internal organs.","{""event_type"": ""struck_by_vehicle"", ""injury_nature"": ""fracture"", ""body_part"": ""chest_trunk"", ""source_equipment"": ""vehicle_heavy_equip"", ""hospitalized"": false, ""amputation"": false}",struck_by_vehicle,fracture,chest_trunk,vehicle_heavy_equip
2025099132,"An employee was putting up steel panels on the roof of a building. The employees was using a standing seam roof anchor and a rope with a rope grab. The standing seam anchor came loose from the metal which allowed the employee to free-fall off the roof. As the employee was sliding down the roof, his feet got caught in the gutter which turned him upside down. He sustained a concussion, a severe laceration to his head, and eight fractured ribs.","{""event_type"": ""fall_to_lower_level"", ""injury_nature"": ""fracture"", ""body_part"": ""chest_trunk"", ""source_equipment"": ""roof"", ""hospitalized"": false, ""amputation"": false}",fall_to_lower_level,fracture,chest_trunk,roof
20171110633,"An employee was trying to access the roof from a ladder when he fell off and hit the ground, breaking his ankle.  The ladder did not extend 3 feet above the access point and was not tied to any structure at the time.","{""event_type"": ""fall_to_lower_level"", ""injury_nature"": ""fracture"", ""body_part"": ""leg"", ""source_equipment"": ""ladder"", ""hospitalized"": false, ""amputation"": false}",fall_to_lower_level,fracture,leg,ladder
2019022122,"An employee was found unresponsive near a heat recovery steam generator, on his knees with blood around his nose and a bump on the head. He was hospitalized, having suffered a traumatic brain injury, a subdermal hemorrhage, multiple facial fractures, and lumbar and thoracic fractures.","{""event_type"": ""other"", ""injury_nature"": ""intracranial"", ""body_part"": ""head_brain"", ""source_equipment"": ""other"", ""hospitalized"": false, ""amputation"": false}",other,intracranial,head_brain,other
2015031484,"At approximately 8:10 p.m., on 3/25/15, an employee fell 20 to 30 feet from an articulating boom bucket to the ground. The employee was tightening bolts for mast arms on traffic signal lights when the clip tie-off point broke and the employee fell. The employee sustained cracked lumbar vertebrae and head lacerations.","{""event_type"": ""fall_to_lower_level"", ""injury_nature"": ""fracture"", ""body_part"": ""other"", ""source_equipment"": ""aerial_lift"", ""hospitalized"": false, ""amputation"": false}",fall_to_lower_level,fracture,other,aerial_lift
2023099029,"An employee was completing a pre-trip inspection on a dump truck. The employee's right foot became caught in the foot placement hole on the truck, causing him to fall to the ground. The employee sustained a left hip fracture.","{""event_type"": ""fall_to_lower_level"", ""injury_nature"": ""fracture"", ""body_part"": ""hip_pelvis"", ""source_equipment"": ""vehicle_heavy_equip"", ""hospitalized"": false, ""amputation"": false}",fall_to_lower_level,fracture,hip_pelvis,vehicle_heavy_equip
2023109193,"An employee was driving an articulating dump truck on a private haul road. While making a turn, the truck left a portion of the roadway at a rough section, causing the cab to articulate vigorously. The employee sustained fractures to the ribs and left ankle, as well as a right knee injury. The employee was hospitalized.","{""event_type"": ""other"", ""injury_nature"": ""fracture"", ""body_part"": ""multiple"", ""source_equipment"": ""vehicle_heavy_equip"", ""hospitalized"": false, ""amputation"": false}",other,fracture,multiple,vehicle_heavy_equip
2017099173,An employee was climbing down a ladder and lacerated his left arm above his elbow on an air conditioning duct.,"{""event_type"": ""struck_against"", ""injury_nature"": ""laceration"", ""body_part"": ""arm"", ""source_equipment"": ""other"", ""hospitalized"": false, ""amputation"": false}",struck_against,laceration,arm,other
2023065226,"Two employees were driving a UTV to the office trailer when the UTV struck a loading dock guardrail. The injured employee was caught between the UTV and the guard rail, resulting in a right hip fracture.","{""event_type"": ""struck_by_vehicle"", ""injury_nature"": ""fracture"", ""body_part"": ""hip_pelvis"", ""source_equipment"": ""vehicle_heavy_equip"", ""hospitalized"": false, ""amputation"": false}",struck_by_vehicle,fracture,hip_pelvis,vehicle_heavy_equip
2017088297,"An employee was attempting to reposition the fork on a telehandler. His right pinky finger was between the fork and the mounting bracket when the fork shifted and swung back, crushing his pinky finger.","{""event_type"": ""caught_in_between"", ""injury_nature"": ""amputation"", ""body_part"": ""finger_hand"", ""source_equipment"": ""other"", ""hospitalized"": false, ""amputation"": false}",caught_in_between,amputation,finger_hand,other
2015010378,A worker fell approximately 9 feet from a scaffold platform to the ground below sustaining a compound fracture to the jaw and a punctured liver. The scaffold plank bridged over the apartment breezeway and was supported by two walls that were approximately 6 feet apart. The platform was used in setting the rafter trusses.,"{""event_type"": ""fall_to_lower_level"", ""injury_nature"": ""fracture"", ""body_part"": ""other"", ""source_equipment"": ""scaffold"", ""hospitalized"": false, ""amputation"": false}",fall_to_lower_level,fracture,other,scaffold
2015063811,"An employee was changing the tracks on a John Deere bobcat. As he turned the wheel, his finger got caught in the wrong place, snipping off the end of the left index finger.","{""event_type"": ""caught_in_between"", ""injury_nature"": ""amputation"", ""body_part"": ""finger_hand"", ""source_equipment"": ""machinery_equipment"", ""hospitalized"": false, ""amputation"": false}",caught_in_between,amputation,finger_hand,machinery_equipment
2024065719,"An employee was installing a light box while standing on a 2x6 board over a 15-foot tall opening when the board snapped, causing them to fall to the ground. The employee sustained ligament damage to their ankle.","{""event_type"": ""fall_to_lower_level"", ""injury_nature"": ""sprain_strain_tear"", ""body_part"": ""foot_ankle"", ""source_equipment"": ""floor_ground_stair"", ""hospitalized"": false, ""amputation"": false}",fall_to_lower_level,sprain_strain_tear,foot_ankle,floor_ground_stair
20181111257,"An employee was working on a piece of directional drilling equipment. Its fan blade lacerated the employee's right thumb, index, and middle fingers. The employee was hospitalized.","{""event_type"": ""struck_by_vehicle"", ""injury_nature"": ""laceration"", ""body_part"": ""finger_hand"", ""source_equipment"": ""other"", ""hospitalized"": false, ""amputation"": false}",struck_by_vehicle,laceration,finger_hand,other
2017042990,"An employee was on a ladder against the roof when the ladder slipped, causing him to fall to the ground. He sustained fractured vertebrae in his back and was hospitalized.","{""event_type"": ""fall_to_lower_level"", ""injury_nature"": ""fracture"", ""body_part"": ""back_spine"", ""source_equipment"": ""ladder"", ""hospitalized"": false, ""amputation"": false}",fall_to_lower_level,fracture,back_spine,ladder
2015010847,Worker fell about 42 inches from a scaffold when a scaffold plank broke. ,"{""event_type"": ""fall_to_lower_level"", ""injury_nature"": ""other"", ""body_part"": ""other"", ""source_equipment"": ""scaffold"", ""hospitalized"": false, ""amputation"": false}",fall_to_lower_level,other,other,scaffold
2025065894,"An employee was gathering paperwork to distribute to different offices. When she got up and walked around her chair, her foot got caught on the base of the chair and she fell. She sustained a left pneumothorax, fractured ribs, a scraped left elbow, and injury to her left hip.","{""event_type"": ""fall_same_level"", ""injury_nature"": ""fracture"", ""body_part"": ""chest_trunk"", ""source_equipment"": ""floor_ground_stair"", ""hospitalized"": false, ""amputation"": false}",fall_same_level,fracture,chest_trunk,floor_ground_stair
2024076634,"An employee was preparing to paint a tank when she noticed a blind flange in the manway that was positioned partially upright from an entrance. The employee attempted to move the blind flange, causing the 280-pound manway to fall over and land on her left foot. The employee was hospitalized and treated for a hematoma on the top of her left foot. ","{""event_type"": ""struck_by_vehicle"", ""injury_nature"": ""other"", ""body_part"": ""foot_ankle"", ""source_equipment"": ""other"", ""hospitalized"": false, ""amputation"": false}",struck_by_vehicle,other,foot_ankle,other
2019077173,A soil compacting machine rolled over and an employee was caught between the ground and the roll bar.,"{""event_type"": ""other"", ""injury_nature"": ""crushing"", ""body_part"": ""other"", ""source_equipment"": ""machinery_equipment"", ""hospitalized"": false, ""amputation"": false}",other,crushing,other,machinery_equipment
2018055320,An employee was using a hammer when it struck his left index finger.,"{""event_type"": ""struck_by_vehicle"", ""injury_nature"": ""other"", ""body_part"": ""finger_hand"", ""source_equipment"": ""other"", ""hospitalized"": false, ""amputation"": false}",struck_by_vehicle,other,finger_hand,other
2023043004,"An employee was setting a 15-ton concrete beam when it fell, striking the employee's right leg. The employee sustained a leg fracture that required surgery.","{""event_type"": ""struck_by_vehicle"", ""injury_nature"": ""fracture"", ""body_part"": ""leg"", ""source_equipment"": ""building_materials_parts"", ""hospitalized"": false, ""amputation"": false}",struck_by_vehicle,fracture,leg,building_materials_parts
2016065272,"On June 14, 2016, an employee was felling trees and brush around an overhead power transmission line with a chainsaw. The oak tree being felled slit up the middle and toppled to the ground, striking the employee's shoulder and knocking the employee to the ground. The employee was hospitalized with fractured collarbones and ribs.","{""event_type"": ""struck_by_vehicle"", ""injury_nature"": ""fracture"", ""body_part"": ""chest_trunk"", ""source_equipment"": ""other"", ""hospitalized"": false, ""amputation"": false}",struck_by_vehicle,fracture,chest_trunk,other
2018099845,An employee was showing the owner the possible issue with the electrical panel when the panel arced. The employee suffered burns to the left side of the face and neck.,"{""event_type"": ""electrocution"", ""injury_nature"": ""burn"", ""body_part"": ""head_brain"", ""source_equipment"": ""electrical_source"", ""hospitalized"": false, ""amputation"": false}",electrocution,burn,head_brain,electrical_source
2022043734,Employees were transporting a 40-foot truss on carts. They were readjusting the truss when it was set down on one employee's left middle finger. The fingertip was amputated from the nail up.,"{""event_type"": ""struck_by_vehicle"", ""injury_nature"": ""amputation"", ""body_part"": ""finger_hand"", ""source_equipment"": ""other"", ""hospitalized"": false, ""amputation"": false}",struck_by_vehicle,amputation,finger_hand,other
2017010135,"On January 7, 2017, at approximately 2:40 p.m., an employee was attempting to lay out structural steel pieces with the assistance of a forklift truck. A steel truss fell over and struck the employee's legs resulting in fractures and crushing injuries to both lower legs.","{""event_type"": ""struck_by_vehicle"", ""injury_nature"": ""fracture"", ""body_part"": ""leg"", ""source_equipment"": ""structural"", ""hospitalized"": false, ""amputation"": false}",struck_by_vehicle,fracture,leg,structural
2025099310,An employee placed their tools into the bed of their truck to transport them to a hotel. They took a step backward from the truck when their foot caught on a single 2 x 4 that had been left in the lot area. The employee fell and suffered a broken right leg directly above the ankle that required hospitalization.,"{""event_type"": ""fall_same_level"", ""injury_nature"": ""fracture"", ""body_part"": ""leg"", ""source_equipment"": ""floor_ground_stair"", ""hospitalized"": false, ""amputation"": false}",fall_same_level,fracture,leg,floor_ground_stair
20161211254,An employee was working on a sprinkler pipe while standing on a 6-foot ladder when he fell off the ladder and broke his ankle.,"{""event_type"": ""fall_to_lower_level"", ""injury_nature"": ""fracture"", ""body_part"": ""foot_ankle"", ""source_equipment"": ""ladder"", ""hospitalized"": false, ""amputation"": false}",fall_to_lower_level,fracture,foot_ankle,ladder
2023053938,"On May 2, 2023, an employee was using a circular saw to cut plywood templates to form concrete. The saw amputated the employee's left index and middle fingers.","{""event_type"": ""other"", ""injury_nature"": ""amputation"", ""body_part"": ""finger_hand"", ""source_equipment"": ""power_tool"", ""hospitalized"": false, ""amputation"": false}",other,amputation,finger_hand,power_tool
2016087396,"An employee was climbing an extension ladder to place a clamp when he fell 8 feet to the ground, bruising his forehead and lacerating his nose, lip, and back.","{""event_type"": ""fall_to_lower_level"", ""injury_nature"": ""laceration"", ""body_part"": ""head_brain"", ""source_equipment"": ""ladder"", ""hospitalized"": false, ""amputation"": false}",fall_to_lower_level,laceration,head_brain,ladder
2025098863,"An employee was reeving the main cable on the drum of a crane. The reeving line began to take the weight of the block and pulled the boom down. The employee was standing on a ladder with a 4""x6"" piece of wood to keep the reeving cable from sliding across the boom lacings. When the boom pulled down, the employee's right thumb and index finger were pinched between the block of wood and the top of the a-frame ladder he was standing on. The employee suffered an open wound on the thumb and a fracture to the right index finger. The employee was hospitalized.","{""event_type"": ""caught_in_between"", ""injury_nature"": ""fracture"", ""body_part"": ""finger_hand"", ""source_equipment"": ""ladder"", ""hospitalized"": false, ""amputation"": false}",caught_in_between,fracture,finger_hand,ladder
2015042157,An employee was exposed to hydraulic fluid while servicing a hydraulic line.,"{""event_type"": ""exposure_to_substance"", ""injury_nature"": ""other"", ""body_part"": ""other"", ""source_equipment"": ""chemicals_fumes"", ""hospitalized"": false, ""amputation"": false}",exposure_to_substance,other,other,chemicals_fumes
2024065687,"An employee was in a building to perform maintenance work on a boiler, chiller, and HVAC system. Looking for roof access, the employee opened a set of double doors on the third floor that opened outward toward a maintenance shaft/elevator shaft. He then looked for a light switch to turn on and stepped forward through the doors. He fell approximately 15-20 feet down the shaft, landing on his lower back on the  trap door . The employee sustained a laceration to the back of their left leg that required stitches.","{""event_type"": ""fall_through_surface"", ""injury_nature"": ""laceration"", ""body_part"": ""leg"", ""source_equipment"": ""other"", ""hospitalized"": false, ""amputation"": false}",fall_through_surface,laceration,leg,other
2024098763,"An employee was picking up a forklift charger with his left hand and dropped it onto his right hand, pinching his right index finger between the charger and the forklift frame. One quarter inch of the finger was amputated.","{""event_type"": ""struck_by_vehicle"", ""injury_nature"": ""amputation"", ""body_part"": ""finger_hand"", ""source_equipment"": ""other"", ""hospitalized"": false, ""amputation"": false}",struck_by_vehicle,amputation,finger_hand,other
20191112335,"On November 29, 2019 at 1:15 p.m., an employee was working in the stairway between the 3rd and 2nd floors to de-gloss a handrail. While he was repositioning himself, he lost his balance and fell down the stairs, suffering a 1-inch laceration to the top of his head.","{""event_type"": ""fall_to_lower_level"", ""injury_nature"": ""laceration"", ""body_part"": ""head_brain"", ""source_equipment"": ""floor_ground_stair"", ""hospitalized"": false, ""amputation"": false}",fall_to_lower_level,laceration,head_brain,floor_ground_stair
20181212540,An employee was walking near staging on top of a roof and fell 14 ft. through a hole between the staging and the ladder. The employee sustained 3 broken ribs and a back injury.,"{""event_type"": ""fall_through_surface"", ""injury_nature"": ""fracture"", ""body_part"": ""chest_trunk"", ""source_equipment"": ""roof"", ""hospitalized"": false, ""amputation"": false}",fall_through_surface,fracture,chest_trunk,roof
2017032448,"On March 16, 2017, an employee was changing evaporator coils on the roof-mounted cooling unit for the store's walk-in cooler.  The employee was going up an extension ladder to access the roof from the street when the ladder slipped from under him and the employee fell approximately 12 feet to the ground below. The employee suffered a broken right leg above the ankle and a shattered heel bone. The employee was hospitalized.","{""event_type"": ""fall_to_lower_level"", ""injury_nature"": ""fracture"", ""body_part"": ""leg"", ""source_equipment"": ""ladder"", ""hospitalized"": false, ""amputation"": false}",fall_to_lower_level,fracture,leg,ladder
2022076671,"An employee was cutting (ripping) metal trim on a table saw when the metal kicked back and struck the employee's hand, lacerating fingers. The ring finger was cut into the bone and required surgery.","{""event_type"": ""struck_by_vehicle"", ""injury_nature"": ""laceration"", ""body_part"": ""finger_hand"", ""source_equipment"": ""power_tool"", ""hospitalized"": false, ""amputation"": false}",struck_by_vehicle,laceration,finger_hand,power_tool
2025087599,"An employee was assisting with moving a heat exchanger (1,800 pounds) off a pallet jack when the heat exchanger became unstable and fell onto him. The employee was hospitalized with fractures to their pelvis and left forearm, requiring surgery.","{""event_type"": ""struck_by_vehicle"", ""injury_nature"": ""fracture"", ""body_part"": ""multiple"", ""source_equipment"": ""other"", ""hospitalized"": false, ""amputation"": false}",struck_by_vehicle,fracture,multiple,other
2024098621,"On September 16, 2024, an employee was cutting metal tubing with a battery-operated bandsaw. The bandsaw jumped out from the tubing and contacted his left index finger, resulting in a laceration to the tendon.","{""event_type"": ""struck_by_vehicle"", ""injury_nature"": ""laceration"", ""body_part"": ""finger_hand"", ""source_equipment"": ""power_tool"", ""hospitalized"": false, ""amputation"": false}",struck_by_vehicle,laceration,finger_hand,power_tool
20191010405,"An employee was cutting a piece of plywood with a power saw. The saw kicked back and lacerated his right leg above the knee, causing an 8-inch-long and 3-inch-deep cut.","{""event_type"": ""struck_against"", ""injury_nature"": ""laceration"", ""body_part"": ""leg"", ""source_equipment"": ""power_tool"", ""hospitalized"": false, ""amputation"": false}",struck_against,laceration,leg,power_tool
2019043401,An employee fell off a roof to the ground and suffered a back injury.,"{""event_type"": ""fall_to_lower_level"", ""injury_nature"": ""other"", ""body_part"": ""back_spine"", ""source_equipment"": ""roof"", ""hospitalized"": false, ""amputation"": false}",fall_to_lower_level,other,back_spine,roof
2016043140,An employee was installing a wood beam as part of the framing for the garage of a new home construction. He was carrying the beam up an A-frame ladder when he lost his balance and fell. The beam fell on top of him. He sustained an eye injury and head laceration.,"{""event_type"": ""fall_to_lower_level"", ""injury_nature"": ""laceration"", ""body_part"": ""head_brain"", ""source_equipment"": ""ladder"", ""hospitalized"": false, ""amputation"": false}",fall_to_lower_level,laceration,head_brain,ladder
2015118588,"On November 13, 2015, at approximately 2:30 PM, an employee was working from an aerial lift and signaling a crane lifting a pipe. The crane was overloaded, tipped, and struck the aerial basket the employee was riding in.  The employee was bounced out of the aerial lift. When the crane sat back down, the employee was bounced back in the aerial lift and back out again. The employee suffered a spinal fracture, broken ribs, and multiple facial fractures, requiring hospitalization.","{""event_type"": ""struck_by_vehicle"", ""injury_nature"": ""fracture"", ""body_part"": ""multiple"", ""source_equipment"": ""aerial_lift"", ""hospitalized"": false, ""amputation"": false}",struck_by_vehicle,fracture,multiple,aerial_lift
2024087869,An employee was folding up a ladder. The ladder caught the employee's right index finger and amputated it.,"{""event_type"": ""caught_in_between"", ""injury_nature"": ""amputation"", ""body_part"": ""finger_hand"", ""source_equipment"": ""ladder"", ""hospitalized"": false, ""amputation"": false}",caught_in_between,amputation,finger_hand,ladder
2024054660,An employee was working on the roof cutting openings. He fell through one of the openings and sustained a pelvic injury.,"{""event_type"": ""fall_through_surface"", ""injury_nature"": ""other"", ""body_part"": ""hip_pelvis"", ""source_equipment"": ""roof"", ""hospitalized"": false, ""amputation"": false}",fall_through_surface,other,hip_pelvis,roof
2020054241,"An employee was in a bucket replacing an existing electrical pole. The employee became entangled in his lanyard. As he was untangling his lanyard, the bucket shifted. A powerline under tension and pulled around a jib frame, rolled up and off the jib frame as the bucket shifted. The power line acted like a rubber band and struck the employee. The employee was ejected from the bucket and fell about 32 feet to the ground. The employee suffered broken bones in both feet and a broken arm.","{""event_type"": ""fall_to_lower_level"", ""injury_nature"": ""fracture"", ""body_part"": ""multiple"", ""source_equipment"": ""aerial_lift"", ""hospitalized"": false, ""amputation"": false}",fall_to_lower_level,fracture,multiple,aerial_lift
2015030979,Employee was standing on the second floor dismantling a metal mod structure when he fell through the sheet metal and cut his left arm to the bone near his elbow. He was wearing fall protection and did not impact the floor but suffered the cut on the way down.,"{""event_type"": ""fall_through_surface"", ""injury_nature"": ""laceration"", ""body_part"": ""arm"", ""source_equipment"": ""other"", ""hospitalized"": false, ""amputation"": false}",fall_through_surface,laceration,arm,other
2016076399,An employee was flagging traffic for a construction site and was struck from behind by a truck exiting the road. The employee suffered two fractured ribs and two fractured vertebrae.,"{""event_type"": ""struck_by_vehicle"", ""injury_nature"": ""fracture"", ""body_part"": ""chest_trunk"", ""source_equipment"": ""vehicle_heavy_equip"", ""hospitalized"": false, ""amputation"": false}",struck_by_vehicle,fracture,chest_trunk,vehicle_heavy_equip
20191010852,"While working on a roof, an employee fell through foam board insulation to the ground. The employee suffered a back injury and was hospitalized.","{""event_type"": ""fall_through_surface"", ""injury_nature"": ""other"", ""body_part"": ""back_spine"", ""source_equipment"": ""roof"", ""hospitalized"": false, ""amputation"": false}",fall_through_surface,other,back_spine,roof
20161110955,An employee fell while installing solar panels on a residential roof and required hospitalization.,"{""event_type"": ""fall_to_lower_level"", ""injury_nature"": ""other"", ""body_part"": ""other"", ""source_equipment"": ""roof"", ""hospitalized"": false, ""amputation"": false}",fall_to_lower_level,other,other,roof
2020043776,"An employee was applying coating to a weld at a pipe joint when an adjacent pipe shifted, pinning the employee against a second pipe. The employee sustained fractures to his rib cage and tailbone along with bruising to the right leg.","{""event_type"": ""struck_by_vehicle"", ""injury_nature"": ""fracture"", ""body_part"": ""chest_trunk"", ""source_equipment"": ""pipe_duct"", ""hospitalized"": false, ""amputation"": false}",struck_by_vehicle,fracture,chest_trunk,pipe_duct
2023098226,"An employee was walking across lanes on a highway to retrieve traffic control material (construction signs, sign stands, and drum rings) from the shoulder when he was struck by a semi-truck. The employee sustained fractures to their right arm/elbow, fingers, and pelvis. He also sustained an open wound on his side above his right hip.","{""event_type"": ""struck_by_vehicle"", ""injury_nature"": ""fracture"", ""body_part"": ""multiple"", ""source_equipment"": ""vehicle_heavy_equip"", ""hospitalized"": false, ""amputation"": false}",struck_by_vehicle,fracture,multiple,vehicle_heavy_equip
2015075180,The employee was stacking pipe when he was struck by a pipe. His ear was amputated resulting in an overnight hospitalization. ,"{""event_type"": ""struck_by_vehicle"", ""injury_nature"": ""amputation"", ""body_part"": ""other"", ""source_equipment"": ""pipe_duct"", ""hospitalized"": false, ""amputation"": false}",struck_by_vehicle,amputation,other,pipe_duct
2023053998,"An employee was using a power drill when their gloved finger was caught in the drill bit, resulting in a finger tissue avulsion.","{""event_type"": ""caught_in_between"", ""injury_nature"": ""laceration"", ""body_part"": ""finger_hand"", ""source_equipment"": ""power_tool"", ""hospitalized"": false, ""amputation"": false}",caught_in_between,laceration,finger_hand,power_tool
2022087515,"An employee was on a baker scaffold, working on an air conditioning duct. The duct broke in half and hit the scaffold, causing the employee to fall to the ground about 5 feet below and suffer a broken left ankle.","{""event_type"": ""fall_to_lower_level"", ""injury_nature"": ""fracture"", ""body_part"": ""leg"", ""source_equipment"": ""scaffold"", ""hospitalized"": false, ""amputation"": false}",fall_to_lower_level,fracture,leg,scaffold
2015086276,"While coming down a step ladder, an employee lost her footing on the bottom step and hit a door frame. Due to the impact, she injured the right side of her back.","{""event_type"": ""fall_same_level"", ""injury_nature"": ""other"", ""body_part"": ""back_spine"", ""source_equipment"": ""ladder"", ""hospitalized"": false, ""amputation"": false}",fall_same_level,other,back_spine,ladder
2021119563,"An employee was operating a drill press when their glove caught in the drill bit, resulting in an injury to their finger.","{""event_type"": ""caught_in_between"", ""injury_nature"": ""laceration"", ""body_part"": ""finger_hand"", ""source_equipment"": ""power_tool"", ""hospitalized"": false, ""amputation"": false}",caught_in_between,laceration,finger_hand,power_tool
2016065882,An employee was directing the use of a tow strap to move a vehicle when the employee's left pinky finger was crushed by a quick coupler that was on a rubber tire loader. The employee's finger was amputated up to the knuckle.,"{""event_type"": ""caught_in_between"", ""injury_nature"": ""amputation"", ""body_part"": ""finger_hand"", ""source_equipment"": ""other"", ""hospitalized"": false, ""amputation"": false}",caught_in_between,amputation,finger_hand,other
2017076904,"An employee was working on the fourth rung of an 8-foot ladder when one leg of the ladder moved and he reacted to the movement. The ladder fell with the employee, hitting the floor. He suffered a left rib fracture and partially collapsed left lung, requiring hospitalization.","{""event_type"": ""fall_to_lower_level"", ""injury_nature"": ""fracture"", ""body_part"": ""chest_trunk"", ""source_equipment"": ""ladder"", ""hospitalized"": false, ""amputation"": false}",fall_to_lower_level,fracture,chest_trunk,ladder
2016032067,"An employee was operating a winch on a barge when the rigging came free and hit the protective cage, breaking the cage loose. The cage hit the employee, lacerating his forehead and causing multiple facial fractures. The was hospitalized.","{""event_type"": ""struck_by_vehicle"", ""injury_nature"": ""fracture"", ""body_part"": ""head_brain"", ""source_equipment"": ""other"", ""hospitalized"": false, ""amputation"": false}",struck_by_vehicle,fracture,head_brain,other
2019054674,An employee fell from a 6-foot ladder and suffered a wrist fracture requiring hospitalization.,"{""event_type"": ""fall_to_lower_level"", ""injury_nature"": ""fracture"", ""body_part"": ""wrist"", ""source_equipment"": ""ladder"", ""hospitalized"": false, ""amputation"": false}",fall_to_lower_level,fracture,wrist,ladder
2015129895,"Four Treco, Inc. employees were cleaning tank bottoms at a facility. During the course of bolting a man way cover onto the tank opening with hand tools, an unknown ignition source caused two of the tanks to ignite. One employee suffered second and third degree burns to his face.","{""event_type"": ""explosion_ignition"", ""injury_nature"": ""burn"", ""body_part"": ""other"", ""source_equipment"": ""tanks_vats"", ""hospitalized"": false, ""amputation"": false}",explosion_ignition,burn,other,tanks_vats
2022021608,"On February 18, 2022, an employee was climbing an 8-foot extension ladder to the roof of a one-story house. His feet got tangled with a lanyard attached to his harness, causing him to fall about 8 feet to the ground. He suffered a broken leg and was hospitalized.","{""event_type"": ""fall_to_lower_level"", ""injury_nature"": ""fracture"", ""body_part"": ""leg"", ""source_equipment"": ""ladder"", ""hospitalized"": false, ""amputation"": false}",fall_to_lower_level,fracture,leg,ladder
2022031980,"An employee was on a flat roof installing a sound attenuator in a duct bank. While adjusting the position of the sound attenuator, the employee stepped onto a patch of snow, slipped, and fell. The employee suffered a fracture to the right femoral neck and was hospitalized.","{""event_type"": ""fall_to_lower_level"", ""injury_nature"": ""fracture"", ""body_part"": ""leg"", ""source_equipment"": ""roof"", ""hospitalized"": false, ""amputation"": false}",fall_to_lower_level,fracture,leg,roof
2024075963,"An employee was on a ladder installing fluorescent lights in the ceiling. The employee reached for a junction box on the ceiling and fell approximately 8 feet to the ground, resulting in fractures to both arms.","{""event_type"": ""fall_to_lower_level"", ""injury_nature"": ""fracture"", ""body_part"": ""arm"", ""source_equipment"": ""ladder"", ""hospitalized"": false, ""amputation"": false}",fall_to_lower_level,fracture,arm,ladder
2016065550,An employee entered a 5-foot trench to fix a broken water line when the trench wall caved in and trapped the employee from the thigh down.,"{""event_type"": ""trench_cave_in"", ""injury_nature"": ""other"", ""body_part"": ""other"", ""source_equipment"": ""trench_excavation"", ""hospitalized"": false, ""amputation"": false}",trench_cave_in,other,other,trench_excavation
20161010190,An employee was insulating ductwork over an air handler when he slipped and fell approximately 6-9 ft. to the ground below. The employee sustained head trauma and fractured facial bones.,"{""event_type"": ""fall_to_lower_level"", ""injury_nature"": ""fracture"", ""body_part"": ""head_brain"", ""source_equipment"": ""roof"", ""hospitalized"": false, ""amputation"": false}",fall_to_lower_level,fracture,head_brain,roof
2015097014,"An employee was installing laminate on the roof when he stepped into a hole and fell approximately 20 feet. He fractured his left elbow, dislocated his pelvis, and required left arm surgery.","{""event_type"": ""fall_to_lower_level"", ""injury_nature"": ""fracture"", ""body_part"": ""multiple"", ""source_equipment"": ""roof"", ""hospitalized"": false, ""amputation"": false}",fall_to_lower_level,fracture,multiple,roof
2023043531,"Two employees were cleaning out a road widener. The injured employee  was standing in front of the road widener using a hose to clean out concrete from the equipment. The seat in the cab turned and bumped a lever, causing the road widener to move forward. It knocked the injured employee to the ground and then rolled over him. The employee was hospitalized with a broken ankle.","{""event_type"": ""struck_by_vehicle"", ""injury_nature"": ""fracture"", ""body_part"": ""foot_ankle"", ""source_equipment"": ""vehicle_heavy_equip"", ""hospitalized"": false, ""amputation"": false}",struck_by_vehicle,fracture,foot_ankle,vehicle_heavy_equip
2022087781,"An employee was shutting off a broom tractor. As he was pulling his hand out of the motor compartment, it contacted the motor fan, which amputated his left ring finger.","{""event_type"": ""caught_in_between"", ""injury_nature"": ""amputation"", ""body_part"": ""finger_hand"", ""source_equipment"": ""other"", ""hospitalized"": false, ""amputation"": false}",caught_in_between,amputation,finger_hand,other
2015075046,An employee tripped in a ditch 4-feet deep by 3-feet wide and banged his face on a rock. He was hospitalized.,"{""event_type"": ""fall_same_level"", ""injury_nature"": ""other"", ""body_part"": ""head_brain"", ""source_equipment"": ""trench_excavation"", ""hospitalized"": false, ""amputation"": false}",fall_same_level,other,head_brain,trench_excavation
2017032058,"An employee was critically injured during an altercation at the construction site on March 8, 2017.","{""event_type"": ""other"", ""injury_nature"": ""other"", ""body_part"": ""other"", ""source_equipment"": ""other"", ""hospitalized"": false, ""amputation"": false}",other,other,other,other
2018077370,"An employee was adjusting the forks on a forklift when his right ring finger was caught between the forks and the mast of the forklift. His right ring finger was severely lacerated, requiring hospitalization and surgery.","{""event_type"": ""caught_in_between"", ""injury_nature"": ""laceration"", ""body_part"": ""finger_hand"", ""source_equipment"": ""other"", ""hospitalized"": false, ""amputation"": false}",caught_in_between,laceration,finger_hand,other
20181111265,An employee stepped on a recently poured concrete form and suffered a fractured right foot.,"{""event_type"": ""fall_same_level"", ""injury_nature"": ""fracture"", ""body_part"": ""foot_ankle"", ""source_equipment"": ""floor_ground_stair"", ""hospitalized"": false, ""amputation"": false}",fall_same_level,fracture,foot_ankle,floor_ground_stair
2020076976,"An employee was closing a gang box door. The door closed on the tip of the employee's right ring finger, amputating the tip (with no bone loss).","{""event_type"": ""caught_in_between"", ""injury_nature"": ""amputation"", ""body_part"": ""finger_hand"", ""source_equipment"": ""other"", ""hospitalized"": false, ""amputation"": false}",caught_in_between,amputation,finger_hand,other
20190910224,"An employee was using a forklift to lift a splice box from a pit when the forklift tipped over into the pit. The employee was pinned against the splice box, suffering a fractured left forearm and elbow.","{""event_type"": ""equipment_overturned"", ""injury_nature"": ""fracture"", ""body_part"": ""arm"", ""source_equipment"": ""aerial_lift"", ""hospitalized"": false, ""amputation"": false}",equipment_overturned,fracture,arm,aerial_lift
2015030423,"An employee fractured his right femur when a stack of steel roofing sheets slid off of the staging area and struck him on his right thigh. The stack of sheets was hit by a tractor with steel forks, which caused the stack to slide off and strike the employee.","{""event_type"": ""struck_by_vehicle"", ""injury_nature"": ""fracture"", ""body_part"": ""leg"", ""source_equipment"": ""vehicle_heavy_equip"", ""hospitalized"": false, ""amputation"": false}",struck_by_vehicle,fracture,leg,vehicle_heavy_equip
2017087842,"An employee was testing a transformer when an arc flash occurred, burning his arms and hands.","{""event_type"": ""electrocution"", ""injury_nature"": ""burn"", ""body_part"": ""arm"", ""source_equipment"": ""other"", ""hospitalized"": false, ""amputation"": false}",electrocution,burn,arm,other
2021031870,"An employee was climbing a 6-foot ladder from a 3-foot crawlspace up into the living room level. The ladder moved as he stepped off, causing him to fall to the floor. The employee suffered a dislocated and torn hip socket.","{""event_type"": ""fall_to_lower_level"", ""injury_nature"": ""dislocation"", ""body_part"": ""hip_pelvis"", ""source_equipment"": ""ladder"", ""hospitalized"": false, ""amputation"": false}",fall_to_lower_level,dislocation,hip_pelvis,ladder
2017065024,"An employee was performing preventive maintenance on railroad switches and a pressure-actuated rail greaser. He was attempting to reinstall the connecting bar for the greaser. When he picked up the bar from the middle joint, the joint straightened and amputated his left middle finger distal tip.","{""event_type"": ""other"", ""injury_nature"": ""amputation"", ""body_part"": ""finger_hand"", ""source_equipment"": ""other"", ""hospitalized"": false, ""amputation"": false}",other,amputation,finger_hand,other
2018065460,"An employee was driving the forklift and encountered a metal post shore in the way. He stopped the forklift, shut it down and attempted to move the post shore. While moving the post shore, his right middle finger was caught within the locking hole causing a fingertip amputation.","{""event_type"": ""caught_in_between"", ""injury_nature"": ""amputation"", ""body_part"": ""finger_hand"", ""source_equipment"": ""other"", ""hospitalized"": false, ""amputation"": false}",caught_in_between,amputation,finger_hand,other
2018010048,"An employee was taking out a screw from a roof panel when he fell from the roof, breaking his ankle/foot and requiring hospitalization.","{""event_type"": ""fall_to_lower_level"", ""injury_nature"": ""fracture"", ""body_part"": ""foot_ankle"", ""source_equipment"": ""roof"", ""hospitalized"": false, ""amputation"": false}",fall_to_lower_level,fracture,foot_ankle,roof
2023010182,"An employee was spotting a crate that was being unloaded from a forklift when the crate fell off the forks of the forklift, causing him to fall backward and strike his head on the concrete floor. The employee suffered a head injury.","{""event_type"": ""fall_same_level"", ""injury_nature"": ""intracranial"", ""body_part"": ""head_brain"", ""source_equipment"": ""floor_ground_stair"", ""hospitalized"": false, ""amputation"": false}",fall_same_level,intracranial,head_brain,floor_ground_stair
2016043432,"An employee fell through the roof to the concrete floor, requiring wrist surgery.","{""event_type"": ""fall_through_surface"", ""injury_nature"": ""other"", ""body_part"": ""wrist"", ""source_equipment"": ""roof"", ""hospitalized"": false, ""amputation"": false}",fall_through_surface,other,wrist,roof
20201211747,"An employee was drying in a tile roof when he slipped on paper and fell to the ground, suffering back injuries.","{""event_type"": ""fall_to_lower_level"", ""injury_nature"": ""other"", ""body_part"": ""back_spine"", ""source_equipment"": ""roof"", ""hospitalized"": false, ""amputation"": false}",fall_to_lower_level,other,back_spine,roof
20211210737,An employee was using a jackhammer to break concrete when they struck an electric line. An arc flash occurred and the employee was burned.,"{""event_type"": ""electrocution"", ""injury_nature"": ""burn"", ""body_part"": ""other"", ""source_equipment"": ""other"", ""hospitalized"": false, ""amputation"": false}",electrocution,burn,other,other
2016054159,"An employee was installing wooden forms on shoring when the brace slipped. His hand was caught between the forms, crushing his left middle finger.","{""event_type"": ""caught_in_between"", ""injury_nature"": ""crushing"", ""body_part"": ""finger_hand"", ""source_equipment"": ""other"", ""hospitalized"": false, ""amputation"": false}",caught_in_between,crushing,finger_hand,other
2022076338,"An employee developed cramps in the right calf while cleaning up a job site. His symptoms worsened and he was then hospitalized, suffering from heat exhaustion, low blood sodium, and heat-related muscular injury.","{""event_type"": ""heat_exposure"", ""injury_nature"": ""heat_illness"", ""body_part"": ""body_systems"", ""source_equipment"": ""environmental"", ""hospitalized"": false, ""amputation"": false}",heat_exposure,heat_illness,body_systems,environmental
20191111695,An employee's left hand was caught between the deck of a trailer and a piece of equipment as the trailer bed was lowering. The little finger was amputated.,"{""event_type"": ""caught_in_between"", ""injury_nature"": ""amputation"", ""body_part"": ""finger_hand"", ""source_equipment"": ""other"", ""hospitalized"": false, ""amputation"": false}",caught_in_between,amputation,finger_hand,other
2016087373,"An employee was removing a strap from a column that was being adjusted using a forklift. The strap released from the load and struck the employee in the face, causing head trauma.","{""event_type"": ""struck_by_vehicle"", ""injury_nature"": ""intracranial"", ""body_part"": ""head_brain"", ""source_equipment"": ""vehicle_heavy_equip"", ""hospitalized"": false, ""amputation"": false}",struck_by_vehicle,intracranial,head_brain,vehicle_heavy_equip
20201211858,An employee slipped while providing hand signals for an excavator. The employee fell to the ground and suffered a broken leg.,"{""event_type"": ""fall_to_lower_level"", ""injury_nature"": ""fracture"", ""body_part"": ""leg"", ""source_equipment"": ""floor_ground_stair"", ""hospitalized"": false, ""amputation"": false}",fall_to_lower_level,fracture,leg,floor_ground_stair
20191111955,"An employee was accessing a pedestrian bridge. While approaching a ladder at the end of the bridge, the employee fell 5-8 feet onto the sloped paving, suffering a broken left ankle.","{""event_type"": ""fall_to_lower_level"", ""injury_nature"": ""fracture"", ""body_part"": ""foot_ankle"", ""source_equipment"": ""floor_ground_stair"", ""hospitalized"": false, ""amputation"": false}",fall_to_lower_level,fracture,foot_ankle,floor_ground_stair
2022108757,An employee was installing solar panels on the roof of a new-construction two-story home. The employee slipped and fell approximately 14 feet off the roof to the swimming pool below. The employee struck the edge of the pool and sustained rib contusions that required hospitalization.,"{""event_type"": ""fall_to_lower_level"", ""injury_nature"": ""contusion_pain"", ""body_part"": ""chest_trunk"", ""source_equipment"": ""roof"", ""hospitalized"": false, ""amputation"": false}",fall_to_lower_level,contusion_pain,chest_trunk,roof
2023076033,An employee was kneeling in a 4-foot deep hole trying to fix a leak in the waterline. The sidewalls were wet and the dirt fell from behind the employee onto his left side and crushed him against the pipe. The employee was hospitalized for an injured liver.,"{""event_type"": ""trench_cave_in"", ""injury_nature"": ""internal_injury"", ""body_part"": ""body_systems"", ""source_equipment"": ""trench_excavation"", ""hospitalized"": false, ""amputation"": false}",trench_cave_in,internal_injury,body_systems,trench_excavation
2019033287,"An employee was attaching a base frame and mast section together on a hoist when his right middle fingertip was caught between the base frame and mast section, resulting in a fingertip amputation.","{""event_type"": ""caught_in_between"", ""injury_nature"": ""amputation"", ""body_part"": ""finger_hand"", ""source_equipment"": ""other"", ""hospitalized"": false, ""amputation"": false}",caught_in_between,amputation,finger_hand,other
2024010741,"An employee was descending a ladder at a single-family home. The employee fell from the fourth rung to the ground, suffering a broken tibia and fibula.","{""event_type"": ""fall_to_lower_level"", ""injury_nature"": ""fracture"", ""body_part"": ""leg"", ""source_equipment"": ""ladder"", ""hospitalized"": false, ""amputation"": false}",fall_to_lower_level,fracture,leg,ladder
2016042929,"An employee slipped and fell while walking through the bottom of a cyclone (large tube) interior, breaking her ankle.","{""event_type"": ""fall_same_level"", ""injury_nature"": ""fracture"", ""body_part"": ""foot_ankle"", ""source_equipment"": ""other"", ""hospitalized"": false, ""amputation"": false}",fall_same_level,fracture,foot_ankle,other
20171212162,An employee was in a trench cutting a pipe with a cut-off saw when it kicked back and cut his face.,"{""event_type"": ""other"", ""injury_nature"": ""laceration"", ""body_part"": ""head_brain"", ""source_equipment"": ""pipe_duct"", ""hospitalized"": false, ""amputation"": false}",other,laceration,head_brain,pipe_duct
2016064950,"On 6/5/16, at approximately 12:15 p.m., an employee was climbing onto a mobile scaffold to install drywall mud. The employee was ascending an add-on scaffold ladder designed for safe scaffold access when his foot was caught on the second rung. He then fell less than 4 feet, fracturing three vertebrae in his neck.","{""event_type"": ""fall_to_lower_level"", ""injury_nature"": ""fracture"", ""body_part"": ""neck"", ""source_equipment"": ""ladder"", ""hospitalized"": false, ""amputation"": false}",fall_to_lower_level,fracture,neck,ladder
2016098508,"An employee was shoveling an excavation wall next to a roller when the roller slid down and pinned his leg, causing injuries.","{""event_type"": ""struck_by_vehicle"", ""injury_nature"": ""other"", ""body_part"": ""leg"", ""source_equipment"": ""vehicle_heavy_equip"", ""hospitalized"": false, ""amputation"": false}",struck_by_vehicle,other,leg,vehicle_heavy_equip
2019099894,An employee was lifting a flood gate when it dropped onto his right toes. One of the toes was amputated.,"{""event_type"": ""struck_by_vehicle"", ""injury_nature"": ""amputation"", ""body_part"": ""foot_ankle"", ""source_equipment"": ""other"", ""hospitalized"": false, ""amputation"": false}",struck_by_vehicle,amputation,foot_ankle,other
2020076237,"An employee was working on a six-foot ladder fishing line through a wall when he fell to the ground and sustained a concussion, broken ribs, and a collapsed lung.","{""event_type"": ""fall_to_lower_level"", ""injury_nature"": ""internal_injury"", ""body_part"": ""chest_trunk"", ""source_equipment"": ""ladder"", ""hospitalized"": false, ""amputation"": false}",fall_to_lower_level,internal_injury,chest_trunk,ladder
2020098724,An employee slipped and fell off the back of a flat bed truck. The employee sustained fractured ribs.,"{""event_type"": ""fall_to_lower_level"", ""injury_nature"": ""fracture"", ""body_part"": ""chest_trunk"", ""source_equipment"": ""vehicle_heavy_equip"", ""hospitalized"": false, ""amputation"": false}",fall_to_lower_level,fracture,chest_trunk,vehicle_heavy_equip
2019054887,"An employee was installing lights in a deli area from an 8-foot ladder when the ladder slipped and he fell to ground, fracturing both ankles.","{""event_type"": ""fall_to_lower_level"", ""injury_nature"": ""fracture"", ""body_part"": ""foot_ankle"", ""source_equipment"": ""ladder"", ""hospitalized"": false, ""amputation"": false}",fall_to_lower_level,fracture,foot_ankle,ladder
2025010211,"An employee was helping to move a delivery truck that was stuck in snow. A piece of plywood had been put under the tires for traction. It shot out from under the tires and struck the employee's right shin, breaking the tibia and fibula.","{""event_type"": ""struck_by_vehicle"", ""injury_nature"": ""fracture"", ""body_part"": ""leg"", ""source_equipment"": ""vehicle_heavy_equip"", ""hospitalized"": false, ""amputation"": false}",struck_by_vehicle,fracture,leg,vehicle_heavy_equip
2025032623,"An employee was operating a skid steer. He was loading sand into the large hopper when he brought the bucket down and his foot was pinched between the arms of the crossbar and the frame of the cab. As the arms continued to come down, they pulled his foot and ankle over the edge of the cab, resulting in a broken leg.","{""event_type"": ""struck_by_vehicle"", ""injury_nature"": ""fracture"", ""body_part"": ""leg"", ""source_equipment"": ""machinery_equipment"", ""hospitalized"": false, ""amputation"": false}",struck_by_vehicle,fracture,leg,machinery_equipment
2019054545,"A maintenance employee was working alone on May 4, 2019. The employee may have been performing a sanding operation in an office and fallen from a 6-foot step ladder. He was found with head trauma and was hospitalized.","{""event_type"": ""fall_to_lower_level"", ""injury_nature"": ""intracranial"", ""body_part"": ""head_brain"", ""source_equipment"": ""ladder"", ""hospitalized"": false, ""amputation"": false}",fall_to_lower_level,intracranial,head_brain,ladder
2016109896,An employee was connecting a temporary 480 Volt AC electrical pigtail cord into an electrical box. This pigtail would supply the plug connection for the 480 Volt AC cord for the floor shot blasting machine.  An arc flash occurred burning the employees hands and requiring hospitalization.,"{""event_type"": ""electrocution"", ""injury_nature"": ""burn"", ""body_part"": ""finger_hand"", ""source_equipment"": ""electrical_source"", ""hospitalized"": false, ""amputation"": false}",electrocution,burn,finger_hand,electrical_source
20181212903,"On December 17, 2018,  the injured employee was standing near where two other employees were disassembling the winch line from the easement machine. The winch line was being drawn in and the injured employee noticed that the eyelet at the end of the winch line was about to become stuck in the boom tip. As the injured employee grabbed the eyelet with his left hand and twisted it  to free it, the eyelet was abruptly pulled through the boom tip and his left index finger was amputated below the distal joint.","{""event_type"": ""caught_in_between"", ""injury_nature"": ""amputation"", ""body_part"": ""finger_hand"", ""source_equipment"": ""other"", ""hospitalized"": false, ""amputation"": false}",caught_in_between,amputation,finger_hand,other
20241211831,"An employee and truck driver were delivering three concrete box culverts on a flatbed truck. As the employee was performing unstrapping and rigging in preparation for unloading the third culvert, the driver moved the truck and the employee was caught between the culvert and an excavator boom. The employee's whole body was pinched, resulting in broken bones and internal injuries.","{""event_type"": ""caught_in_between"", ""injury_nature"": ""fracture"", ""body_part"": ""multiple"", ""source_equipment"": ""other"", ""hospitalized"": false, ""amputation"": false}",caught_in_between,fracture,multiple,other
20191212847,"An employee slipped and fell 16 feet to the floor below while laying floor decking, suffering a broken wrist that required hospitalization.","{""event_type"": ""fall_to_lower_level"", ""injury_nature"": ""fracture"", ""body_part"": ""wrist"", ""source_equipment"": ""floor_ground_stair"", ""hospitalized"": false, ""amputation"": false}",fall_to_lower_level,fracture,wrist,floor_ground_stair
20191213101,"An employee was holding a column in place when the eyelet broke, causing the column to shift and strike the employee's back. The employee was hospitalized with a back fracture.","{""event_type"": ""struck_by_vehicle"", ""injury_nature"": ""fracture"", ""body_part"": ""back_spine"", ""source_equipment"": ""structural"", ""hospitalized"": false, ""amputation"": false}",struck_by_vehicle,fracture,back_spine,structural
20251010376,"An employee was working with his supervisor to trace overhead cables in an existing cable tray inside a facility. The employee climbed a fixed ladder onto an elevated work platform above a production line. The employee was able to see the existing cable tray that was approximately 42 inches below him. He jumped down onto the lower surface to get a better look at the cable tray when he fell through the surface approximately 11.5 feet, landing on sheet glass glass coming through the production line conveyor. The glass broke. The employee suffered a contusion to upper-left shoulder blade, a puncture wound above his left knee, and a laceration to his right upper arm approximately in the middle of his bicep muscle.","{""event_type"": ""fall_through_surface"", ""injury_nature"": ""laceration"", ""body_part"": ""other"", ""source_equipment"": ""floor_ground_stair"", ""hospitalized"": false, ""amputation"": false}",fall_through_surface,laceration,other,floor_ground_stair
2023021549,"An employee was standing on a baker's scaffold approximately 3 feet above finished floor to install equipment. While taking measurements, the locking pins came out on one end of the scaffold, causing the scaffold to collapse. The employee fell 3 feet and sustained a left ankle injury.","{""event_type"": ""fall_to_lower_level"", ""injury_nature"": ""other"", ""body_part"": ""foot_ankle"", ""source_equipment"": ""scaffold"", ""hospitalized"": false, ""amputation"": false}",fall_to_lower_level,other,foot_ankle,scaffold
2024087200,"An employee was operating a digger derrick with an auger and bucket attachment as old power poles were being removed. Bolts on the machine's boom broke off, causing it to tip over. The employee struck the ground and suffered a broken femur.","{""event_type"": ""other"", ""injury_nature"": ""fracture"", ""body_part"": ""leg"", ""source_equipment"": ""machinery_equipment"", ""hospitalized"": false, ""amputation"": false}",other,fracture,leg,machinery_equipment
2024087600,"On August 18, 2024, at 7:30 PM, an employee loaded a milling machine onto a lowboy trailer. While raising the lowboy deck, the welds broke on the trailer and the trailer dropped to the ground, landing on the employee's right foot. The employee's foot was crushed and multiple bones were broken.","{""event_type"": ""equipment_overturned"", ""injury_nature"": ""fracture"", ""body_part"": ""foot_ankle"", ""source_equipment"": ""vehicle_heavy_equip"", ""hospitalized"": false, ""amputation"": false}",equipment_overturned,fracture,foot_ankle,vehicle_heavy_equip
2021043600,"On 04/30/2021 at 12:20 a.m., an employee was assisting two co-workers in retrieving a piece of expanded metal located behind a stack of sheet metal. The stack of sheet metal contained 25 to 30 sheets of 4-foot by 10-foot sheet metal that weighed approximately 50 pounds each, or 1,250 to 1,500 pounds total. While the employee and a co-worker were manually holding the stack of sheet metal, they lost control of the stack and attempted to move clear of the falling metal. The employee's right foot was pinned beneath the stack as it fell, resulting in a foot fracture.","{""event_type"": ""struck_by_vehicle"", ""injury_nature"": ""fracture"", ""body_part"": ""foot_ankle"", ""source_equipment"": ""structural"", ""hospitalized"": false, ""amputation"": false}",struck_by_vehicle,fracture,foot_ankle,structural
20161212057,"An employee was laying metal decking and fell approximately 15 feet. The employee suffered a fractured left hip and fractures to both arms, the jaw and cheekbones.","{""event_type"": ""fall_to_lower_level"", ""injury_nature"": ""fracture"", ""body_part"": ""multiple"", ""source_equipment"": ""roof"", ""hospitalized"": false, ""amputation"": false}",fall_to_lower_level,fracture,multiple,roof
2025076547,An employee was checking the consistency of the mortar in a concrete mixer when the rotating mixer blades amputated their right little finger.,"{""event_type"": ""caught_in_between"", ""injury_nature"": ""amputation"", ""body_part"": ""finger_hand"", ""source_equipment"": ""other"", ""hospitalized"": false, ""amputation"": false}",caught_in_between,amputation,finger_hand,other
2015118303,An employee received arc flash burns on the right arm and hand while working in an existing electrical substation.,"{""event_type"": ""electrocution"", ""injury_nature"": ""burn"", ""body_part"": ""arm"", ""source_equipment"": ""electrical_source"", ""hospitalized"": false, ""amputation"": false}",electrocution,burn,arm,electrical_source
2025088644,"Employees were installing wood roof trusses, setting them on concrete masonry unit walls that were capped with new double 2-by-6 top plate. The trusses collapsed in a chain reaction, causing three employees to fall to the slab below. One of them, who had fallen about 20 feet to the concrete, suffered two collapsed lungs, several broken ribs, and a broken pelvis. The employee was hospitalized.","{""event_type"": ""fall_to_lower_level"", ""injury_nature"": ""internal_injury"", ""body_part"": ""chest_trunk"", ""source_equipment"": ""roof"", ""hospitalized"": false, ""amputation"": false}",fall_to_lower_level,internal_injury,chest_trunk,roof
2024098785,An employee fractured their ankle while positioning items for road construction.,"{""event_type"": ""fall_same_level"", ""injury_nature"": ""fracture"", ""body_part"": ""foot_ankle"", ""source_equipment"": ""floor_ground_stair"", ""hospitalized"": false, ""amputation"": false}",fall_same_level,fracture,foot_ankle,floor_ground_stair
2021054338,An employee was in a bucket truck attempting to lift a light pole using a rope and a winch. The rope broke causing the employee to fall from the bucket onto the truck. The employee sustained a fractured C-5 vertebra and a fractured shoulder blade.,"{""event_type"": ""fall_to_lower_level"", ""injury_nature"": ""fracture"", ""body_part"": ""other"", ""source_equipment"": ""aerial_lift"", ""hospitalized"": false, ""amputation"": false}",fall_to_lower_level,fracture,other,aerial_lift
2015096440,"An employee was forming a footing for a water treatment plant. He was working inside a 4-feet-tall trench form and fell while crossing back over to the outside of the trench, breaking his right tibia and fibula.","{""event_type"": ""fall_to_lower_level"", ""injury_nature"": ""fracture"", ""body_part"": ""leg"", ""source_equipment"": ""trench_excavation"", ""hospitalized"": false, ""amputation"": false}",fall_to_lower_level,fracture,leg,trench_excavation
2019010507,"While installing utility meters, an employee contacted overhead power lines and sustained burns to their hand and face.","{""event_type"": ""electrocution"", ""injury_nature"": ""burn"", ""body_part"": ""multiple"", ""source_equipment"": ""other"", ""hospitalized"": false, ""amputation"": false}",electrocution,burn,multiple,other
2015129908,"An employee was working from a scissor lift while removing a section of form work from the ceiling. Meanwhile, another section of form work came down and fractured his left leg.","{""event_type"": ""struck_by_vehicle"", ""injury_nature"": ""fracture"", ""body_part"": ""leg"", ""source_equipment"": ""other"", ""hospitalized"": false, ""amputation"": false}",struck_by_vehicle,fracture,leg,other
2020066054,"Two employees were attempting to dislodge two steel carts that had become entangled when a cart shifted on its base, coming into contact with the injured employee's right pinky finger. As a result, the employee's right pinky fingertip was amputated.","{""event_type"": ""struck_by_vehicle"", ""injury_nature"": ""amputation"", ""body_part"": ""finger_hand"", ""source_equipment"": ""other"", ""hospitalized"": false, ""amputation"": false}",struck_by_vehicle,amputation,finger_hand,other
2016032429,"After he had changed a block and adjusted the wire rope in the sheave, an employee's right hand was pulled between the wire rope and the block. His hand was amputated and required hospitalization.","{""event_type"": ""caught_in_between"", ""injury_nature"": ""amputation"", ""body_part"": ""finger_hand"", ""source_equipment"": ""other"", ""hospitalized"": false, ""amputation"": false}",caught_in_between,amputation,finger_hand,other
2019021284,"An employee was using a chain hoist to position a pipe to be welded when the chain caught a valve on the existing pipe and opened the valve, releasing hot water on the employee. He suffered burns to the right arm (from his forearm to his bicep) and right torso (from the ribs to the stomach).","{""event_type"": ""contact_hot_substance"", ""injury_nature"": ""burn"", ""body_part"": ""arm"", ""source_equipment"": ""other"", ""hospitalized"": false, ""amputation"": false}",contact_hot_substance,burn,arm,other
2025010846,An employee was unclogging a pressure washer when their left hand was struck by the high-pressure water. The employee sustained lacerations and required surgery.,"{""event_type"": ""struck_by_vehicle"", ""injury_nature"": ""laceration"", ""body_part"": ""finger_hand"", ""source_equipment"": ""other"", ""hospitalized"": false, ""amputation"": false}",struck_by_vehicle,laceration,finger_hand,other
20251010593,"An employee was loading a 4-inch wooden door into a pickup truck when he felt a pop in his right side behind his shoulder blade. He was hospitalized later that day and underwent surgery, having suffered a collapsed right lung.","{""event_type"": ""other"", ""injury_nature"": ""internal_injury"", ""body_part"": ""chest_trunk"", ""source_equipment"": ""other"", ""hospitalized"": false, ""amputation"": false}",other,internal_injury,chest_trunk,other
2022010416,A telehandler was being operated when it moved to the side and struck a rigger. The rigger sustained a broken right foot and leg.,"{""event_type"": ""struck_by_vehicle"", ""injury_nature"": ""fracture"", ""body_part"": ""leg"", ""source_equipment"": ""vehicle_heavy_equip"", ""hospitalized"": false, ""amputation"": false}",struck_by_vehicle,fracture,leg,vehicle_heavy_equip
2023065344,"On June 16, 2023, an employee had been working on an electrical pole. After work, the employee was hospitalized for heat exhaustion.","{""event_type"": ""heat_exposure"", ""injury_nature"": ""heat_illness"", ""body_part"": ""body_systems"", ""source_equipment"": ""environmental"", ""hospitalized"": false, ""amputation"": false}",heat_exposure,heat_illness,body_systems,environmental
2016065554,"An employee was removing insulation from the sheetrock ceiling of a roof when he stepped on the sheetrock ceiling and fell 20 feet to the floor below. He suffered a fractured skull, broken ribs, lacerated spleen, broken left wrist, and bruised kidney.","{""event_type"": ""fall_to_lower_level"", ""injury_nature"": ""fracture"", ""body_part"": ""multiple"", ""source_equipment"": ""roof"", ""hospitalized"": false, ""amputation"": false}",fall_to_lower_level,fracture,multiple,roof
2024032771,"An employee was working from a scissor lift during demolition of an internal wall on the second floor. He removed part of the drywall and intended to pull out a metal stud. A metallic electric conduit ran vertically in proximity of the stud. The conduit was not continuous, and a conduit section in the top part had been removed. A live unprotected cable lost insulation from contact with the stud, causing an electric discharge. The employee was electrocuted and hospitalized.","{""event_type"": ""electrocution"", ""injury_nature"": ""other"", ""body_part"": ""other"", ""source_equipment"": ""other"", ""hospitalized"": false, ""amputation"": false}",electrocution,other,other,other
2021064601,"An employee was cleaning out mud from a gas-powered masonry mixer. Once the mud was dislodged, the mixer's paddles began to move and caught his right arm. He suffered an injury to the forearm.","{""event_type"": ""caught_in_between"", ""injury_nature"": ""laceration"", ""body_part"": ""arm"", ""source_equipment"": ""machinery_equipment"", ""hospitalized"": false, ""amputation"": false}",caught_in_between,laceration,arm,machinery_equipment
20161211978,An employee was moving a pressure washer from one section of scaffolding to another section when the weight of the pressure washer on the end of the scaffold caused it to tip over. The employee fell to the ground and fractured his vertebrae.,"{""event_type"": ""fall_to_lower_level"", ""injury_nature"": ""fracture"", ""body_part"": ""back_spine"", ""source_equipment"": ""scaffold"", ""hospitalized"": false, ""amputation"": false}",fall_to_lower_level,fracture,back_spine,scaffold
2018077259,"An employee was working from a stepladder when it broke. In falling, he grabbed the steel rail of a garage door and his right hand was lacerated.","{""event_type"": ""fall_to_lower_level"", ""injury_nature"": ""laceration"", ""body_part"": ""finger_hand"", ""source_equipment"": ""ladder"", ""hospitalized"": false, ""amputation"": false}",fall_to_lower_level,laceration,finger_hand,ladder
2021021622,"An employee was walking while inspecting recently casted concrete segments when they came into contact with abrasive water during a high-pressure washing operation, resulting in lacerations on their right palm.","{""event_type"": ""other"", ""injury_nature"": ""laceration"", ""body_part"": ""finger_hand"", ""source_equipment"": ""other"", ""hospitalized"": false, ""amputation"": false}",other,laceration,finger_hand,other
2021119724,"On November 10, 2021, an employee was approaching a ladder to climb down from a two-story roof. The employee fell from the roof to the ground, suffering a broken femur and cheekbone. The employee was hospitalized.","{""event_type"": ""fall_to_lower_level"", ""injury_nature"": ""fracture"", ""body_part"": ""leg"", ""source_equipment"": ""roof"", ""hospitalized"": false, ""amputation"": false}",fall_to_lower_level,fracture,leg,roof
2021031884,"Two employees were hanging an elevator shaft while standing on plywood boards. One board shifted, causing the two employees to fall 31 feet from the third floor to the ground floor. One employee was hospitalized for a lower back fracture and the second employee was hospitalized for a brain bleed.","{""event_type"": ""fall_to_lower_level"", ""injury_nature"": ""fracture"", ""body_part"": ""other"", ""source_equipment"": ""other"", ""hospitalized"": false, ""amputation"": false}",fall_to_lower_level,fracture,other,other
2021098111,An employee's finger was lacerated while they were cutting metal roofing with a saw.,"{""event_type"": ""other"", ""injury_nature"": ""laceration"", ""body_part"": ""finger_hand"", ""source_equipment"": ""other"", ""hospitalized"": false, ""amputation"": false}",other,laceration,finger_hand,other
2016076346,An employee was climbing up a scaffold when the scaffold fell over. The employee sustained a broken leg.,"{""event_type"": ""fall_to_lower_level"", ""injury_nature"": ""fracture"", ""body_part"": ""leg"", ""source_equipment"": ""scaffold"", ""hospitalized"": false, ""amputation"": false}",fall_to_lower_level,fracture,leg,scaffold
2020098571,"An employee was chipping concrete with a rivet buster when an object struck his eye, tearing his cornea. He was hospitalized and had surgery.","{""event_type"": ""struck_by_vehicle"", ""injury_nature"": ""laceration"", ""body_part"": ""eye"", ""source_equipment"": ""other"", ""hospitalized"": false, ""amputation"": false}",struck_by_vehicle,laceration,eye,other
2021032180,"On March 12, 2020, an employee was driving a pickup truck along a closed highway lane. The truck hit the side of a skid steer's track, and the employee suffered neck whiplash. He was hospitalized.","{""event_type"": ""other"", ""injury_nature"": ""other"", ""body_part"": ""neck"", ""source_equipment"": ""vehicle_heavy_equip"", ""hospitalized"": false, ""amputation"": false}",other,other,neck,vehicle_heavy_equip
2021065285,"On June 29, 2021, an employee passed out on the job site where heat and humidity was a factor. He was hospitalized for a heart attack.","{""event_type"": ""heat_exposure"", ""injury_nature"": ""heat_illness"", ""body_part"": ""body_systems"", ""source_equipment"": ""environmental"", ""hospitalized"": false, ""amputation"": false}",heat_exposure,heat_illness,body_systems,environmental
2025076852,"An employee was working to remove an obstruction and free a winch cable that was caught. The cable was still under the load of the probe casing. As the employee pulled the cable free, the weight of the casing caused the winch line spool to tighten around their hand. Their index and little fingers were caught and cut by the cable including tendon damage. The employee was hospitalized.","{""event_type"": ""caught_in_between"", ""injury_nature"": ""amputation"", ""body_part"": ""finger_hand"", ""source_equipment"": ""cable"", ""hospitalized"": false, ""amputation"": false}",caught_in_between,amputation,finger_hand,cable
2023098172,"An employee was directing traffic and performing clean-up activities at a site they were preparing for asphalt pavement. The employee was struck by a skid loader that was traveling in reverse, resulting in fractures to the left leg and hip. The employee was hospitalized.","{""event_type"": ""struck_by_vehicle"", ""injury_nature"": ""fracture"", ""body_part"": ""leg"", ""source_equipment"": ""vehicle_heavy_equip"", ""hospitalized"": false, ""amputation"": false}",struck_by_vehicle,fracture,leg,vehicle_heavy_equip
2021065347,An employee was working with a torch 15 feet above the slab in high heat conditions. The employee collapsed and suffered heat exhaustion.,"{""event_type"": ""heat_exposure"", ""injury_nature"": ""heat_illness"", ""body_part"": ""body_systems"", ""source_equipment"": ""environmental"", ""hospitalized"": false, ""amputation"": false}",heat_exposure,heat_illness,body_systems,environmental
2025043055,An employee was climbing a ladder when the ladder broke and folded up. The employee fell and sustained fractured ribs and a punctured lung.,"{""event_type"": ""fall_to_lower_level"", ""injury_nature"": ""fracture"", ""body_part"": ""chest_trunk"", ""source_equipment"": ""ladder"", ""hospitalized"": false, ""amputation"": false}",fall_to_lower_level,fracture,chest_trunk,ladder
2022119876,An employee was using a circular saw to cut wood and lacerated their left thigh.,"{""event_type"": ""struck_against"", ""injury_nature"": ""laceration"", ""body_part"": ""leg"", ""source_equipment"": ""power_tool"", ""hospitalized"": false, ""amputation"": false}",struck_against,laceration,leg,power_tool
2018032505,"An employee was climbing onto a flatbed truck to retrieve materials when he hit and lacerated his head on a steel member of the parking garage, requiring hospitalization.","{""event_type"": ""struck_by_vehicle"", ""injury_nature"": ""laceration"", ""body_part"": ""head_brain"", ""source_equipment"": ""other"", ""hospitalized"": false, ""amputation"": false}",struck_by_vehicle,laceration,head_brain,other
20231211263,"An employee was standing on a 12-foot step ladder when he contacted an electrical conduit that was energized due to a short circuit. The employee was shocked and fell approximately 10 feet to the floor below, resulting in a back injury and rib fractures.","{""event_type"": ""electrocution"", ""injury_nature"": ""fracture"", ""body_part"": ""chest_trunk"", ""source_equipment"": ""other"", ""hospitalized"": false, ""amputation"": false}",electrocution,fracture,chest_trunk,other
2019043412,"On April 2, 2019, an employee was holding onto a hoist chain with one hand and placed the other hand above the hoist block. As the employee pushed the load away from the handrail, the employee's glove pulled the employee's right hand into the hoist block, pinching the fifth digit between the chain guide and hoist chain. As a result, the employee suffered a right pinky finger distal phalanx fracture and soft tissue avulsion, requiring hospitalization and surgery.","{""event_type"": ""caught_in_between"", ""injury_nature"": ""fracture"", ""body_part"": ""finger_hand"", ""source_equipment"": ""other"", ""hospitalized"": false, ""amputation"": false}",caught_in_between,fracture,finger_hand,other
2016109423,An employee was coming down a ladder when he slipped and fell approximately 9 ft. injuring his left leg and arm and requiring hospitalization.,"{""event_type"": ""fall_to_lower_level"", ""injury_nature"": ""other"", ""body_part"": ""leg"", ""source_equipment"": ""ladder"", ""hospitalized"": false, ""amputation"": false}",fall_to_lower_level,other,leg,ladder
2025054172,An employee was breaking down a tower crane and removing the boom. His right hand was crushed between the boom as it was being lowered and the crane's turntable. The employee sustained a crushing injury to their hand and the amputation of the index finger.,"{""event_type"": ""caught_in_between"", ""injury_nature"": ""amputation"", ""body_part"": ""finger_hand"", ""source_equipment"": ""other"", ""hospitalized"": false, ""amputation"": false}",caught_in_between,amputation,finger_hand,other
2017032291,"An employee was loading insulation into a blow machine when he tripped. As he tried to catch himself, his left thumb tip hit a gear and was amputated.","{""event_type"": ""caught_in_between"", ""injury_nature"": ""amputation"", ""body_part"": ""finger_hand"", ""source_equipment"": ""other"", ""hospitalized"": false, ""amputation"": false}",caught_in_between,amputation,finger_hand,other
20201110506,"An employee fell while building a scaffold, striking his head.","{""event_type"": ""fall_to_lower_level"", ""injury_nature"": ""intracranial"", ""body_part"": ""head_brain"", ""source_equipment"": ""scaffold"", ""hospitalized"": false, ""amputation"": false}",fall_to_lower_level,intracranial,head_brain,scaffold
2020065128,"An employee was working in an attic installing tubing. When the employee finished and was heading back to the stairwell, he stepped on an old access hole and fell through to the concrete below. He suffered heel and vertebrae fractures.","{""event_type"": ""fall_through_surface"", ""injury_nature"": ""fracture"", ""body_part"": ""multiple"", ""source_equipment"": ""other"", ""hospitalized"": false, ""amputation"": false}",fall_through_surface,fracture,multiple,other
20251111067,"An employee was installing corrugated metal roofing on a boathouse. He stepped onto a piece of corrugated metal and both the metal and the employee fell from the roof. The employee landed on the corrugated piece, lacerating his head and wrists. He was hospitalized for surgery.","{""event_type"": ""fall_to_lower_level"", ""injury_nature"": ""laceration"", ""body_part"": ""head_brain"", ""source_equipment"": ""roof"", ""hospitalized"": false, ""amputation"": false}",fall_to_lower_level,laceration,head_brain,roof
